"zip","total_calls","pct_total_calls"
20707,1,0.151745068285281
20814,10,1.51745068285281
20815,6,0.910470409711684
20816,4,0.606980273141123
20817,18,2.73141122913505
20832,2,0.303490136570561
20833,1,0.151745068285281
20837,2,0.303490136570561
20841,3,0.455235204855842
20850,43,6.52503793626707
20851,6,0.910470409711684
20852,56,8.49772382397572
20853,20,3.03490136570561
20854,8,1.21396054628225
20855,12,1.82094081942337
20860,2,0.303490136570561
20861,1,0.151745068285281
20866,5,0.758725341426404
20871,14,2.12443095599393
20872,8,1.21396054628225
20874,62,9.40819423368741
20876,22,3.33839150227618
20877,50,7.58725341426404
20878,43,6.52503793626707
20879,20,3.03490136570561
20882,8,1.21396054628225
20886,25,3.79362670713202
20889,1,0.151745068285281
20895,14,2.12443095599393
20901,19,2.88315629742033
20902,40,6.06980273141123
20903,6,0.910470409711684
20904,40,6.06980273141123
20905,4,0.606980273141123
20906,51,7.73899848254932
20910,31,4.7040971168437
21794,1,0.151745068285281
